Date,time
2010-01-04,1
2010-01-05,2
2010-01-06,3
2010-01-07,4
2010-01-08,5
2010-01-11,6
2010-01-12,7
2010-01-13,8
2010-01-14,9
2010-01-15,10
2010-01-18,11
2010-01-19,12
2010-01-20,13
2010-01-21,14
2010-01-22,15
2010-01-25,16
2010-01-26,17
2010-01-27,18
2010-01-28,19
2010-01-29,20
2010-02-01,21
2010-02-02,22
2010-02-03,23
2010-02-04,24
2010-02-05,25
2010-02-08,26
2010-02-09,27
2010-02-10,28
2010-02-11,29
2010-02-12,30
2010-02-15,31
2010-02-16,32
2010-02-17,33
2010-02-18,34
2010-02-19,35
2010-02-22,36
2010-02-23,37
2010-02-24,38
2010-02-25,39
2010-02-26,40
2010-03-01,41
2010-03-02,42
2010-03-03,43
2010-03-04,44
2010-03-05,45
2010-03-08,46
2010-03-09,47
2010-03-10,48
2010-03-11,49
2010-03-12,50
2010-03-15,51
2010-03-16,52
2010-03-17,53
2010-03-18,54
2010-03-19,55
2010-03-22,56
2010-03-23,57
2010-03-24,58
2010-03-25,59
2010-03-26,60
2010-03-29,61
2010-03-30,62
2010-03-31,63
2010-04-01,64
2010-04-02,65
2010-04-05,66
2010-04-06,67
2010-04-07,68
2010-04-08,69
2010-04-09,70
2010-04-12,71
2010-04-13,72
2010-04-14,73
2010-04-15,74
2010-04-16,75
2010-04-19,76
2010-04-20,77
2010-04-21,78
2010-04-22,79
2010-04-23,80
2010-04-26,81
2010-04-27,82
2010-04-28,83
2010-04-29,84
2010-04-30,85
2010-05-03,86
2010-05-04,87
2010-05-05,88
2010-05-06,89
2010-05-07,90
2010-05-10,91
2010-05-11,92
2010-05-12,93
2010-05-13,94
2010-05-14,95
2010-05-17,96
2010-05-18,97
2010-05-19,98
2010-05-20,99
2010-05-21,100
2010-05-24,101
2010-05-25,102
2010-05-26,103
2010-05-27,104
2010-05-28,105
2010-05-31,106
2010-06-01,107
2010-06-02,108
2010-06-03,109
2010-06-04,110
2010-06-07,111
2010-06-08,112
2010-06-09,113
2010-06-10,114
2010-06-11,115
2010-06-14,116
2010-06-15,117
2010-06-16,118
2010-06-17,119
2010-06-18,120
2010-06-21,121
2010-06-22,122
2010-06-23,123
2010-06-24,124
2010-06-25,125
2010-06-28,126
2010-06-29,127
2010-06-30,128
2010-07-01,129
2010-07-02,130
2010-07-05,131
2010-07-06,132
2010-07-07,133
2010-07-08,134
2010-07-09,135
2010-07-12,136
2010-07-13,137
2010-07-14,138
2010-07-15,139
2010-07-16,140
2010-07-19,141
2010-07-20,142
2010-07-21,143
2010-07-22,144
2010-07-23,145
2010-07-26,146
2010-07-27,147
2010-07-28,148
2010-07-29,149
2010-07-30,150
2010-08-02,151
2010-08-03,152
2010-08-04,153
2010-08-05,154
2010-08-06,155
2010-08-09,156
2010-08-10,157
2010-08-11,158
2010-08-12,159
2010-08-13,160
2010-08-16,161
2010-08-17,162
2010-08-18,163
2010-08-19,164
2010-08-20,165
2010-08-23,166
2010-08-24,167
2010-08-25,168
2010-08-26,169
2010-08-27,170
2010-08-30,171
2010-08-31,172
2010-09-01,173
2010-09-02,174
2010-09-03,175
2010-09-06,176
2010-09-07,177
2010-09-08,178
2010-09-09,179
2010-09-10,180
2010-09-13,181
2010-09-14,182
2010-09-15,183
2010-09-16,184
2010-09-17,185
2010-09-20,186
2010-09-21,187
2010-09-22,188
2010-09-23,189
2010-09-24,190
2010-09-27,191
2010-09-28,192
2010-09-29,193
2010-09-30,194
2010-10-01,195
2010-10-04,196
2010-10-05,197
2010-10-06,198
2010-10-07,199
2010-10-08,200
2010-10-11,201
2010-10-12,202
2010-10-13,203
2010-10-14,204
2010-10-15,205
2010-10-18,206
2010-10-19,207
2010-10-20,208
2010-10-21,209
2010-10-22,210
2010-10-25,211
2010-10-26,212
2010-10-27,213
2010-10-28,214
2010-10-29,215
2010-11-01,216
2010-11-02,217
2010-11-03,218
2010-11-04,219
2010-11-05,220
2010-11-08,221
2010-11-09,222
2010-11-10,223
2010-11-11,224
2010-11-12,225
2010-11-15,226
2010-11-16,227
2010-11-17,228
2010-11-18,229
2010-11-19,230
2010-11-22,231
2010-11-23,232
2010-11-24,233
2010-11-25,234
2010-11-26,235
2010-11-29,236
2010-11-30,237
2010-12-01,238
2010-12-02,239
2010-12-03,240
2010-12-06,241
2010-12-07,242
2010-12-08,243
2010-12-09,244
2010-12-10,245
2010-12-13,246
2010-12-14,247
2010-12-15,248
2010-12-16,249
2010-12-17,250
2010-12-20,251
2010-12-21,252
2010-12-22,253
2010-12-23,254
2010-12-24,255
2010-12-27,256
2010-12-28,257
2010-12-29,258
2010-12-30,259
2010-12-31,260
2011-01-03,261
2011-01-04,262
2011-01-05,263
2011-01-06,264
2011-01-07,265
2011-01-10,266
2011-01-11,267
2011-01-12,268
2011-01-13,269
2011-01-14,270
2011-01-17,271
2011-01-18,272
2011-01-19,273
2011-01-20,274
2011-01-21,275
2011-01-24,276
2011-01-25,277
2011-01-26,278
2011-01-27,279
2011-01-28,280
2011-01-31,281
2011-02-01,282
2011-02-02,283
2011-02-03,284
2011-02-04,285
2011-02-07,286
2011-02-08,287
2011-02-09,288
2011-02-10,289
2011-02-11,290
2011-02-14,291
2011-02-15,292
2011-02-16,293
2011-02-17,294
2011-02-18,295
2011-02-21,296
2011-02-22,297
2011-02-23,298
2011-02-24,299
2011-02-25,300
2011-02-28,301
2011-03-01,302
2011-03-02,303
2011-03-03,304
2011-03-04,305
2011-03-07,306
2011-03-08,307
2011-03-09,308
2011-03-10,309
2011-03-11,310
2011-03-14,311
2011-03-15,312
2011-03-16,313
2011-03-17,314
2011-03-18,315
2011-03-21,316
2011-03-22,317
2011-03-23,318
2011-03-24,319
2011-03-25,320
2011-03-28,321
2011-03-29,322
2011-03-30,323
2011-03-31,324
2011-04-01,325
2011-04-04,326
2011-04-05,327
2011-04-06,328
2011-04-07,329
2011-04-08,330
2011-04-11,331
2011-04-12,332
2011-04-13,333
2011-04-14,334
2011-04-15,335
2011-04-18,336
2011-04-19,337
2011-04-20,338
2011-04-21,339
2011-04-22,340
2011-04-25,341
2011-04-26,342
2011-04-27,343
2011-04-28,344
2011-04-29,345
2011-05-02,346
2011-05-03,347
2011-05-04,348
2011-05-05,349
2011-05-06,350
2011-05-09,351
2011-05-10,352
2011-05-11,353
2011-05-12,354
2011-05-13,355
2011-05-16,356
2011-05-17,357
2011-05-18,358
2011-05-19,359
2011-05-20,360
2011-05-23,361
2011-05-24,362
2011-05-25,363
2011-05-26,364
2011-05-27,365
2011-05-30,366
2011-05-31,367
2011-06-01,368
2011-06-02,369
2011-06-03,370
2011-06-06,371
2011-06-07,372
2011-06-08,373
2011-06-09,374
2011-06-10,375
2011-06-13,376
2011-06-14,377
2011-06-15,378
2011-06-16,379
2011-06-17,380
2011-06-20,381
2011-06-21,382
2011-06-22,383
2011-06-23,384
2011-06-24,385
2011-06-27,386
2011-06-28,387
2011-06-29,388
2011-06-30,389
2011-07-01,390
2011-07-04,391
2011-07-05,392
2011-07-06,393
2011-07-07,394
2011-07-08,395
2011-07-11,396
2011-07-12,397
2011-07-13,398
2011-07-14,399
2011-07-15,400
2011-07-18,401
2011-07-19,402
2011-07-20,403
2011-07-21,404
2011-07-22,405
2011-07-25,406
2011-07-26,407
2011-07-27,408
2011-07-28,409
2011-07-29,410
2011-08-01,411
2011-08-02,412
2011-08-03,413
2011-08-04,414
2011-08-05,415
2011-08-08,416
2011-08-09,417
2011-08-10,418
2011-08-11,419
2011-08-12,420
2011-08-15,421
2011-08-16,422
2011-08-17,423
2011-08-18,424
2011-08-19,425
2011-08-22,426
2011-08-23,427
2011-08-24,428
2011-08-25,429
2011-08-26,430
2011-08-29,431
2011-08-30,432
2011-08-31,433
2011-09-01,434
2011-09-02,435
2011-09-05,436
2011-09-06,437
2011-09-07,438
2011-09-08,439
2011-09-09,440
2011-09-12,441
2011-09-13,442
2011-09-14,443
2011-09-15,444
2011-09-16,445
2011-09-19,446
2011-09-20,447
2011-09-21,448
2011-09-22,449
2011-09-23,450
2011-09-26,451
2011-09-27,452
2011-09-28,453
2011-09-29,454
2011-09-30,455
2011-10-03,456
2011-10-04,457
2011-10-05,458
2011-10-06,459
2011-10-07,460
2011-10-10,461
2011-10-11,462
2011-10-12,463
2011-10-13,464
2011-10-14,465
2011-10-17,466
2011-10-18,467
2011-10-19,468
2011-10-20,469
2011-10-21,470
2011-10-24,471
2011-10-25,472
2011-10-26,473
2011-10-27,474
2011-10-28,475
2011-10-31,476
2011-11-01,477
2011-11-02,478
2011-11-03,479
2011-11-04,480
2011-11-07,481
2011-11-08,482
2011-11-09,483
2011-11-10,484
2011-11-11,485
2011-11-14,486
2011-11-15,487
2011-11-16,488
2011-11-17,489
2011-11-18,490
2011-11-21,491
2011-11-22,492
2011-11-23,493
2011-11-24,494
2011-11-25,495
2011-11-28,496
2011-11-29,497
2011-11-30,498
2011-12-01,499
2011-12-02,500
2011-12-05,501
2011-12-06,502
2011-12-07,503
2011-12-08,504
2011-12-09,505
2011-12-12,506
2011-12-13,507
2011-12-14,508
2011-12-15,509
2011-12-16,510
2011-12-19,511
2011-12-20,512
2011-12-21,513
2011-12-22,514
2011-12-23,515
2011-12-26,516
2011-12-27,517
2011-12-28,518
2011-12-29,519
2011-12-30,520
2012-01-02,521
2012-01-03,522
2012-01-04,523
2012-01-05,524
2012-01-06,525
2012-01-09,526
2012-01-10,527
2012-01-11,528
2012-01-12,529
2012-01-13,530
2012-01-16,531
2012-01-17,532
2012-01-18,533
2012-01-19,534
2012-01-20,535
2012-01-23,536
2012-01-24,537
2012-01-25,538
2012-01-26,539
2012-01-27,540
2012-01-30,541
2012-01-31,542
2012-02-01,543
2012-02-02,544
2012-02-03,545
2012-02-06,546
2012-02-07,547
2012-02-08,548
2012-02-09,549
2012-02-10,550
2012-02-13,551
2012-02-14,552
2012-02-15,553
2012-02-16,554
2012-02-17,555
2012-02-20,556
2012-02-21,557
2012-02-22,558
2012-02-23,559
2012-02-24,560
2012-02-27,561
2012-02-28,562
2012-02-29,563
2012-03-01,564
2012-03-02,565
2012-03-05,566
2012-03-06,567
2012-03-07,568
2012-03-08,569
2012-03-09,570
2012-03-12,571
2012-03-13,572
2012-03-14,573
2012-03-15,574
2012-03-16,575
2012-03-19,576
2012-03-20,577
2012-03-21,578
2012-03-22,579
2012-03-23,580
2012-03-26,581
2012-03-27,582
2012-03-28,583
2012-03-29,584
2012-03-30,585
2012-04-02,586
2012-04-03,587
2012-04-04,588
2012-04-05,589
2012-04-06,590
2012-04-09,591
2012-04-10,592
2012-04-11,593
2012-04-12,594
2012-04-13,595
2012-04-16,596
2012-04-17,597
2012-04-18,598
2012-04-19,599
2012-04-20,600
2012-04-23,601
2012-04-24,602
2012-04-25,603
2012-04-26,604
2012-04-27,605
2012-04-30,606
2012-05-01,607
2012-05-02,608
2012-05-03,609
2012-05-04,610
2012-05-07,611
2012-05-08,612
2012-05-09,613
2012-05-10,614
2012-05-11,615
2012-05-14,616
2012-05-15,617
2012-05-16,618
2012-05-17,619
2012-05-18,620
2012-05-21,621
2012-05-22,622
2012-05-23,623
2012-05-24,624
2012-05-25,625
2012-05-28,626
2012-05-29,627
2012-05-30,628
2012-05-31,629
2012-06-01,630
2012-06-04,631
2012-06-05,632
2012-06-06,633
2012-06-07,634
2012-06-08,635
2012-06-11,636
2012-06-12,637
2012-06-13,638
2012-06-14,639
2012-06-15,640
2012-06-18,641
2012-06-19,642
2012-06-20,643
2012-06-21,644
2012-06-22,645
2012-06-25,646
2012-06-26,647
2012-06-27,648
2012-06-28,649
2012-06-29,650
2012-07-02,651
2012-07-03,652
2012-07-04,653
2012-07-05,654
2012-07-06,655
2012-07-09,656
2012-07-10,657
2012-07-11,658
2012-07-12,659
2012-07-13,660
2012-07-16,661
2012-07-17,662
2012-07-18,663
2012-07-19,664
2012-07-20,665
2012-07-23,666
2012-07-24,667
2012-07-25,668
2012-07-26,669
2012-07-27,670
2012-07-30,671
2012-07-31,672
2012-08-01,673
2012-08-02,674
2012-08-03,675
2012-08-06,676
2012-08-07,677
2012-08-08,678
2012-08-09,679
2012-08-10,680
2012-08-13,681
2012-08-14,682
2012-08-15,683
2012-08-16,684
2012-08-17,685
2012-08-20,686
2012-08-21,687
2012-08-22,688
2012-08-23,689
2012-08-24,690
2012-08-27,691
2012-08-28,692
2012-08-29,693
2012-08-30,694
2012-08-31,695
2012-09-03,696
2012-09-04,697
2012-09-05,698
2012-09-06,699
2012-09-07,700
2012-09-10,701
2012-09-11,702
2012-09-12,703
2012-09-13,704
2012-09-14,705
2012-09-17,706
2012-09-18,707
2012-09-19,708
2012-09-20,709
2012-09-21,710
2012-09-24,711
2012-09-25,712
2012-09-26,713
2012-09-27,714
2012-09-28,715
2012-10-01,716
2012-10-02,717
2012-10-03,718
2012-10-04,719
2012-10-05,720
2012-10-08,721
2012-10-09,722
2012-10-10,723
2012-10-11,724
2012-10-12,725
2012-10-15,726
2012-10-16,727
2012-10-17,728
2012-10-18,729
2012-10-19,730
2012-10-22,731
2012-10-23,732
2012-10-24,733
2012-10-25,734
2012-10-26,735
2012-10-29,736
2012-10-30,737
2012-10-31,738
2012-11-01,739
2012-11-02,740
2012-11-05,741
2012-11-06,742
2012-11-07,743
2012-11-08,744
2012-11-09,745
2012-11-12,746
2012-11-13,747
2012-11-14,748
2012-11-15,749
2012-11-16,750
2012-11-19,751
2012-11-20,752
2012-11-21,753
2012-11-22,754
2012-11-23,755
2012-11-26,756
2012-11-27,757
2012-11-28,758
2012-11-29,759
2012-11-30,760
2012-12-03,761
2012-12-04,762
2012-12-05,763
2012-12-06,764
2012-12-07,765
2012-12-10,766
2012-12-11,767
2012-12-12,768
2012-12-13,769
2012-12-14,770
2012-12-17,771
2012-12-18,772
2012-12-19,773
2012-12-20,774
2012-12-21,775
2012-12-24,776
2012-12-25,777
2012-12-26,778
2012-12-27,779
2012-12-28,780
2012-12-31,781
2013-01-01,782
2013-01-02,783
2013-01-03,784
2013-01-04,785
2013-01-07,786
2013-01-08,787
2013-01-09,788
2013-01-10,789
2013-01-11,790
2013-01-14,791
2013-01-15,792
2013-01-16,793
2013-01-17,794
2013-01-18,795
2013-01-21,796
2013-01-22,797
2013-01-23,798
2013-01-24,799
2013-01-25,800
2013-01-28,801
2013-01-29,802
2013-01-30,803
2013-01-31,804
2013-02-01,805
2013-02-04,806
2013-02-05,807
2013-02-06,808
2013-02-07,809
2013-02-08,810
2013-02-11,811
2013-02-12,812
2013-02-13,813
2013-02-14,814
2013-02-15,815
2013-02-18,816
2013-02-19,817
2013-02-20,818
2013-02-21,819
2013-02-22,820
2013-02-25,821
2013-02-26,822
2013-02-27,823
2013-02-28,824
2013-03-01,825
2013-03-04,826
2013-03-05,827
2013-03-06,828
2013-03-07,829
2013-03-08,830
2013-03-11,831
2013-03-12,832
2013-03-13,833
2013-03-14,834
2013-03-15,835
2013-03-18,836
2013-03-19,837
2013-03-20,838
2013-03-21,839
2013-03-22,840
2013-03-25,841
2013-03-26,842
2013-03-27,843
2013-03-28,844
2013-03-29,845
2013-04-01,846
2013-04-02,847
2013-04-03,848
2013-04-04,849
2013-04-05,850
2013-04-08,851
2013-04-09,852
2013-04-10,853
2013-04-11,854
2013-04-12,855
2013-04-15,856
2013-04-16,857
2013-04-17,858
2013-04-18,859
2013-04-19,860
2013-04-22,861
2013-04-23,862
2013-04-24,863
2013-04-25,864
2013-04-26,865
2013-04-29,866
2013-04-30,867
2013-05-01,868
2013-05-02,869
2013-05-03,870
2013-05-06,871
2013-05-07,872
2013-05-08,873
2013-05-09,874
2013-05-10,875
2013-05-13,876
2013-05-14,877
2013-05-15,878
2013-05-16,879
2013-05-17,880
2013-05-20,881
2013-05-21,882
2013-05-22,883
2013-05-23,884
2013-05-24,885
2013-05-27,886
2013-05-28,887
2013-05-29,888
2013-05-30,889
2013-05-31,890
2013-06-03,891
2013-06-04,892
2013-06-05,893
2013-06-06,894
2013-06-07,895
2013-06-10,896
2013-06-11,897
2013-06-12,898
2013-06-13,899
2013-06-14,900
2013-06-17,901
2013-06-18,902
2013-06-19,903
2013-06-20,904
2013-06-21,905
2013-06-24,906
2013-06-25,907
2013-06-26,908
2013-06-27,909
2013-06-28,910
2013-07-01,911
2013-07-02,912
2013-07-03,913
2013-07-04,914
2013-07-05,915
2013-07-08,916
2013-07-09,917
2013-07-10,918
2013-07-11,919
2013-07-12,920
2013-07-15,921
2013-07-16,922
2013-07-17,923
2013-07-18,924
2013-07-19,925
2013-07-22,926
2013-07-23,927
2013-07-24,928
2013-07-25,929
2013-07-26,930
2013-07-29,931
2013-07-30,932
2013-07-31,933
2013-08-01,934
2013-08-02,935
2013-08-05,936
2013-08-06,937
2013-08-07,938
2013-08-08,939
2013-08-09,940
2013-08-12,941
2013-08-13,942
2013-08-14,943
2013-08-15,944
2013-08-16,945
2013-08-19,946
2013-08-20,947
2013-08-21,948
2013-08-22,949
2013-08-23,950
2013-08-26,951
2013-08-27,952
2013-08-28,953
2013-08-29,954
2013-08-30,955
2013-09-02,956
2013-09-03,957
2013-09-04,958
2013-09-05,959
2013-09-06,960
2013-09-09,961
2013-09-10,962
2013-09-11,963
2013-09-12,964
2013-09-13,965
2013-09-16,966
2013-09-17,967
2013-09-18,968
2013-09-19,969
2013-09-20,970
2013-09-23,971
2013-09-24,972
2013-09-25,973
2013-09-26,974
2013-09-27,975
2013-09-30,976
2013-10-01,977
2013-10-02,978
2013-10-03,979
2013-10-04,980
2013-10-07,981
2013-10-08,982
2013-10-09,983
2013-10-10,984
2013-10-11,985
2013-10-14,986
2013-10-15,987
2013-10-16,988
2013-10-17,989
2013-10-18,990
2013-10-21,991
2013-10-22,992
2013-10-23,993
2013-10-24,994
2013-10-25,995
2013-10-28,996
2013-10-29,997
2013-10-30,998
2013-10-31,999
2013-11-01,1000
2013-11-04,1001
2013-11-05,1002
2013-11-06,1003
2013-11-07,1004
2013-11-08,1005
2013-11-11,1006
2013-11-12,1007
2013-11-13,1008
2013-11-14,1009
2013-11-15,1010
2013-11-18,1011
2013-11-19,1012
2013-11-20,1013
2013-11-21,1014
2013-11-22,1015
2013-11-25,1016
2013-11-26,1017
2013-11-27,1018
2013-11-28,1019
2013-11-29,1020
2013-12-02,1021
2013-12-03,1022
2013-12-04,1023
2013-12-05,1024
2013-12-06,1025
2013-12-09,1026
2013-12-10,1027
2013-12-11,1028
2013-12-12,1029
2013-12-13,1030
2013-12-16,1031
2013-12-17,1032
2013-12-18,1033
2013-12-19,1034
2013-12-20,1035
2013-12-23,1036
2013-12-24,1037
2013-12-25,1038
2013-12-26,1039
2013-12-27,1040
2013-12-30,1041
2013-12-31,1042
2014-01-01,1043
2014-01-02,1044
2014-01-03,1045
2014-01-06,1046
2014-01-07,1047
2014-01-08,1048
2014-01-09,1049
2014-01-10,1050
2014-01-13,1051
2014-01-14,1052
2014-01-15,1053
2014-01-16,1054
2014-01-17,1055
2014-01-20,1056
2014-01-21,1057
2014-01-22,1058
2014-01-23,1059
2014-01-24,1060
2014-01-27,1061
2014-01-28,1062
2014-01-29,1063
2014-01-30,1064
2014-01-31,1065
2014-02-03,1066
2014-02-04,1067
2014-02-05,1068
2014-02-06,1069
2014-02-07,1070
2014-02-10,1071
2014-02-11,1072
2014-02-12,1073
2014-02-13,1074
2014-02-14,1075
2014-02-17,1076
2014-02-18,1077
2014-02-19,1078
2014-02-20,1079
2014-02-21,1080
2014-02-24,1081
2014-02-25,1082
2014-02-26,1083
2014-02-27,1084
2014-02-28,1085
2014-03-03,1086
2014-03-04,1087
2014-03-05,1088
2014-03-06,1089
2014-03-07,1090
2014-03-10,1091
2014-03-11,1092
2014-03-12,1093
2014-03-13,1094
2014-03-14,1095
2014-03-17,1096
2014-03-18,1097
2014-03-19,1098
2014-03-20,1099
2014-03-21,1100
2014-03-24,1101
2014-03-25,1102
2014-03-26,1103
2014-03-27,1104
2014-03-28,1105
2014-03-31,1106
2014-04-01,1107
2014-04-02,1108
2014-04-03,1109
2014-04-04,1110
2014-04-07,1111
2014-04-08,1112
2014-04-09,1113
2014-04-10,1114
2014-04-11,1115
2014-04-14,1116
2014-04-15,1117
2014-04-16,1118
2014-04-17,1119
2014-04-18,1120
2014-04-21,1121
2014-04-22,1122
2014-04-23,1123
2014-04-24,1124
2014-04-25,1125
2014-04-28,1126
2014-04-29,1127
2014-04-30,1128
2014-05-01,1129
2014-05-02,1130
2014-05-05,1131
2014-05-06,1132
2014-05-07,1133
2014-05-08,1134
2014-05-09,1135
2014-05-12,1136
2014-05-13,1137
2014-05-14,1138
2014-05-15,1139
2014-05-16,1140
2014-05-19,1141
2014-05-20,1142
2014-05-21,1143
2014-05-22,1144
2014-05-23,1145
2014-05-26,1146
2014-05-27,1147
2014-05-28,1148
2014-05-29,1149
2014-05-30,1150
2014-06-02,1151
2014-06-03,1152
2014-06-04,1153
2014-06-05,1154
2014-06-06,1155
2014-06-09,1156
2014-06-10,1157
2014-06-11,1158
2014-06-12,1159
2014-06-13,1160
2014-06-16,1161
2014-06-17,1162
2014-06-18,1163
2014-06-19,1164
2014-06-20,1165
2014-06-23,1166
2014-06-24,1167
2014-06-25,1168
2014-06-26,1169
2014-06-27,1170
2014-06-30,1171
2014-07-01,1172
2014-07-02,1173
2014-07-03,1174
2014-07-04,1175
2014-07-07,1176
2014-07-08,1177
2014-07-09,1178
2014-07-10,1179
2014-07-11,1180
2014-07-14,1181
2014-07-15,1182
2014-07-16,1183
2014-07-17,1184
2014-07-18,1185
2014-07-21,1186
2014-07-22,1187
2014-07-23,1188
2014-07-24,1189
2014-07-25,1190
2014-07-28,1191
2014-07-29,1192
2014-07-30,1193
2014-07-31,1194
2014-08-01,1195
2014-08-04,1196
2014-08-05,1197
2014-08-06,1198
2014-08-07,1199
2014-08-08,1200
2014-08-11,1201
2014-08-12,1202
2014-08-13,1203
2014-08-14,1204
2014-08-15,1205
2014-08-18,1206
2014-08-19,1207
2014-08-20,1208
2014-08-21,1209
2014-08-22,1210
2014-08-25,1211
2014-08-26,1212
2014-08-27,1213
2014-08-28,1214
2014-08-29,1215
2014-09-01,1216
2014-09-02,1217
2014-09-03,1218
2014-09-04,1219
2014-09-05,1220
2014-09-08,1221
2014-09-09,1222
2014-09-10,1223
2014-09-11,1224
2014-09-12,1225
2014-09-15,1226
2014-09-16,1227
2014-09-17,1228
2014-09-18,1229
2014-09-19,1230
2014-09-22,1231
2014-09-23,1232
2014-09-24,1233
2014-09-25,1234
2014-09-26,1235
2014-09-29,1236
2014-09-30,1237
2014-10-01,1238
2014-10-02,1239
2014-10-03,1240
2014-10-06,1241
2014-10-07,1242
2014-10-08,1243
2014-10-09,1244
2014-10-10,1245
2014-10-13,1246
2014-10-14,1247
2014-10-15,1248
2014-10-16,1249
2014-10-17,1250
2014-10-20,1251
2014-10-21,1252
2014-10-22,1253
2014-10-23,1254
2014-10-24,1255
2014-10-27,1256
2014-10-28,1257
2014-10-29,1258
2014-10-30,1259
2014-10-31,1260
2014-11-03,1261
2014-11-04,1262
2014-11-05,1263
2014-11-06,1264
2014-11-07,1265
2014-11-10,1266
2014-11-11,1267
2014-11-12,1268
2014-11-13,1269
2014-11-14,1270
2014-11-17,1271
2014-11-18,1272
2014-11-19,1273
2014-11-20,1274
2014-11-21,1275
2014-11-24,1276
2014-11-25,1277
2014-11-26,1278
2014-11-27,1279
2014-11-28,1280
2014-12-01,1281
2014-12-02,1282
2014-12-03,1283
2014-12-04,1284
2014-12-05,1285
2014-12-08,1286
2014-12-09,1287
2014-12-10,1288
2014-12-11,1289
2014-12-12,1290
2014-12-15,1291
2014-12-16,1292
2014-12-17,1293
2014-12-18,1294
2014-12-19,1295
2014-12-22,1296
2014-12-23,1297
2014-12-24,1298
2014-12-25,1299
2014-12-26,1300
2014-12-29,1301
2014-12-30,1302
2014-12-31,1303
2015-01-01,1304
2015-01-02,1305
2015-01-05,1306
2015-01-06,1307
2015-01-07,1308
2015-01-08,1309
2015-01-09,1310
2015-01-12,1311
2015-01-13,1312
2015-01-14,1313
2015-01-15,1314
2015-01-16,1315
2015-01-19,1316
2015-01-20,1317
2015-01-21,1318
2015-01-22,1319
2015-01-23,1320
2015-01-26,1321
2015-01-27,1322
2015-01-28,1323
2015-01-29,1324
2015-01-30,1325
2015-02-02,1326
2015-02-03,1327
2015-02-04,1328
2015-02-05,1329
2015-02-06,1330
2015-02-09,1331
2015-02-10,1332
2015-02-11,1333
2015-02-12,1334
2015-02-13,1335
2015-02-16,1336
2015-02-17,1337
2015-02-18,1338
2015-02-19,1339
2015-02-20,1340
2015-02-23,1341
2015-02-24,1342
2015-02-25,1343
2015-02-26,1344
2015-02-27,1345
2015-03-02,1346
2015-03-03,1347
2015-03-04,1348
2015-03-05,1349
2015-03-06,1350
2015-03-09,1351
2015-03-10,1352
2015-03-11,1353
2015-03-12,1354
2015-03-13,1355
2015-03-16,1356
2015-03-17,1357
2015-03-18,1358
2015-03-19,1359
2015-03-20,1360
2015-03-23,1361
2015-03-24,1362
2015-03-25,1363
2015-03-26,1364
2015-03-27,1365
2015-03-30,1366
2015-03-31,1367
2015-04-01,1368
2015-04-02,1369
2015-04-03,1370
2015-04-06,1371
2015-04-07,1372
2015-04-08,1373
2015-04-09,1374
2015-04-10,1375
2015-04-13,1376
2015-04-14,1377
2015-04-15,1378
2015-04-16,1379
2015-04-17,1380
2015-04-20,1381
2015-04-21,1382
2015-04-22,1383
2015-04-23,1384
2015-04-24,1385
2015-04-27,1386
2015-04-28,1387
2015-04-29,1388
2015-04-30,1389
2015-05-01,1390
2015-05-04,1391
2015-05-05,1392
2015-05-06,1393
2015-05-07,1394
2015-05-08,1395
2015-05-11,1396
2015-05-12,1397
2015-05-13,1398
2015-05-14,1399
2015-05-15,1400
2015-05-18,1401
2015-05-19,1402
2015-05-20,1403
2015-05-21,1404
2015-05-22,1405
2015-05-25,1406
2015-05-26,1407
2015-05-27,1408
2015-05-28,1409
2015-05-29,1410
2015-06-01,1411
2015-06-02,1412
2015-06-03,1413
2015-06-04,1414
2015-06-05,1415
2015-06-08,1416
2015-06-09,1417
2015-06-10,1418
2015-06-11,1419
2015-06-12,1420
2015-06-15,1421
2015-06-16,1422
2015-06-17,1423
2015-06-18,1424
2015-06-19,1425
2015-06-22,1426
2015-06-23,1427
2015-06-24,1428
2015-06-25,1429
2015-06-26,1430
2015-06-29,1431
2015-06-30,1432
2015-07-01,1433
2015-07-02,1434
2015-07-03,1435
2015-07-06,1436
2015-07-07,1437
2015-07-08,1438
2015-07-09,1439
2015-07-10,1440
2015-07-13,1441
2015-07-14,1442
2015-07-15,1443
2015-07-16,1444
2015-07-17,1445
2015-07-20,1446
2015-07-21,1447
2015-07-22,1448
2015-07-23,1449
2015-07-24,1450
2015-07-27,1451
2015-07-28,1452
2015-07-29,1453
2015-07-30,1454
2015-07-31,1455
2015-08-03,1456
2015-08-04,1457
2015-08-05,1458
2015-08-06,1459
2015-08-07,1460
2015-08-10,1461
2015-08-11,1462
2015-08-12,1463
2015-08-13,1464
2015-08-14,1465
2015-08-17,1466
2015-08-18,1467
2015-08-19,1468
2015-08-20,1469
2015-08-21,1470
2015-08-24,1471
2015-08-25,1472
2015-08-26,1473
2015-08-27,1474
2015-08-28,1475
2015-08-31,1476
2015-09-01,1477
2015-09-02,1478
2015-09-03,1479
2015-09-04,1480
2015-09-07,1481
2015-09-08,1482
2015-09-09,1483
2015-09-10,1484
2015-09-11,1485
2015-09-14,1486
2015-09-15,1487
2015-09-16,1488
2015-09-17,1489
2015-09-18,1490
2015-09-21,1491
2015-09-22,1492
2015-09-23,1493
2015-09-24,1494
2015-09-25,1495
2015-09-28,1496
2015-09-29,1497
2015-09-30,1498
2015-10-01,1499
2015-10-02,1500
2015-10-05,1501
2015-10-06,1502
2015-10-07,1503
2015-10-08,1504
2015-10-09,1505
2015-10-12,1506
2015-10-13,1507
2015-10-14,1508
2015-10-15,1509
2015-10-16,1510
2015-10-19,1511
2015-10-20,1512
2015-10-21,1513
2015-10-22,1514
2015-10-23,1515
2015-10-26,1516
2015-10-27,1517
2015-10-28,1518
2015-10-29,1519
2015-10-30,1520
2015-11-02,1521
2015-11-03,1522
2015-11-04,1523
2015-11-05,1524
2015-11-06,1525
2015-11-09,1526
2015-11-10,1527
2015-11-11,1528
2015-11-12,1529
2015-11-13,1530
2015-11-16,1531
2015-11-17,1532
2015-11-18,1533
2015-11-19,1534
2015-11-20,1535
2015-11-23,1536
2015-11-24,1537
2015-11-25,1538
2015-11-26,1539
2015-11-27,1540
2015-11-30,1541
2015-12-01,1542
2015-12-02,1543
2015-12-03,1544
2015-12-04,1545
2015-12-07,1546
2015-12-08,1547
2015-12-09,1548
2015-12-10,1549
2015-12-11,1550
2015-12-14,1551
2015-12-15,1552
2015-12-16,1553
2015-12-17,1554
2015-12-18,1555
2015-12-21,1556
2015-12-22,1557
2015-12-23,1558
2015-12-24,1559
2015-12-25,1560
2015-12-28,1561
2015-12-29,1562
2015-12-30,1563
2015-12-31,1564
2016-01-01,1565
2016-01-04,1566
2016-01-05,1567
2016-01-06,1568
2016-01-07,1569
2016-01-08,1570
2016-01-11,1571
2016-01-12,1572
2016-01-13,1573
2016-01-14,1574
2016-01-15,1575
2016-01-18,1576
2016-01-19,1577
2016-01-20,1578
2016-01-21,1579
2016-01-22,1580
2016-01-25,1581
2016-01-26,1582
2016-01-27,1583
2016-01-28,1584
2016-01-29,1585
2016-02-01,1586
2016-02-02,1587
2016-02-03,1588
2016-02-04,1589
2016-02-05,1590
2016-02-08,1591
2016-02-09,1592
2016-02-10,1593
2016-02-11,1594
2016-02-12,1595
2016-02-15,1596
2016-02-16,1597
2016-02-17,1598
2016-02-18,1599
2016-02-19,1600
2016-02-22,1601
2016-02-23,1602
2016-02-24,1603
2016-02-25,1604
2016-02-26,1605
2016-02-29,1606
2016-03-01,1607
2016-03-02,1608
2016-03-03,1609
2016-03-04,1610
2016-03-07,1611
2016-03-08,1612
2016-03-09,1613
2016-03-10,1614
2016-03-11,1615
2016-03-14,1616
2016-03-15,1617
2016-03-16,1618
2016-03-17,1619
2016-03-18,1620
2016-03-21,1621
2016-03-22,1622
2016-03-23,1623
2016-03-24,1624
2016-03-25,1625
2016-03-28,1626
2016-03-29,1627
2016-03-30,1628
2016-03-31,1629
2016-04-01,1630
2016-04-04,1631
2016-04-05,1632
2016-04-06,1633
2016-04-07,1634
2016-04-08,1635
2016-04-11,1636
2016-04-12,1637
2016-04-13,1638
2016-04-14,1639
2016-04-15,1640
2016-04-18,1641
2016-04-19,1642
2016-04-20,1643
2016-04-21,1644
2016-04-22,1645
2016-04-25,1646
2016-04-26,1647
2016-04-27,1648
2016-04-28,1649
2016-04-29,1650
2016-05-02,1651
2016-05-03,1652
2016-05-04,1653
2016-05-05,1654
2016-05-06,1655
2016-05-09,1656
2016-05-10,1657
2016-05-11,1658
2016-05-12,1659
2016-05-13,1660
2016-05-16,1661
2016-05-17,1662
2016-05-18,1663
2016-05-19,1664
2016-05-20,1665
2016-05-23,1666
2016-05-24,1667
2016-05-25,1668
2016-05-26,1669
2016-05-27,1670
2016-05-30,1671
2016-05-31,1672
2016-06-01,1673
2016-06-02,1674
2016-06-03,1675
2016-06-06,1676
2016-06-07,1677
2016-06-08,1678
2016-06-09,1679
2016-06-10,1680
2016-06-13,1681
2016-06-14,1682
2016-06-15,1683
2016-06-16,1684
2016-06-17,1685
2016-06-20,1686
2016-06-21,1687
2016-06-22,1688
2016-06-23,1689
2016-06-24,1690
2016-06-27,1691
2016-06-28,1692
2016-06-29,1693
2016-06-30,1694
2016-07-01,1695
2016-07-04,1696
2016-07-05,1697
2016-07-06,1698
2016-07-07,1699
2016-07-08,1700
2016-07-11,1701
2016-07-12,1702
2016-07-13,1703
2016-07-14,1704
2016-07-15,1705
2016-07-18,1706
2016-07-19,1707
2016-07-20,1708
2016-07-21,1709
2016-07-22,1710
2016-07-25,1711
2016-07-26,1712
2016-07-27,1713
2016-07-28,1714
2016-07-29,1715
2016-08-01,1716
2016-08-02,1717
2016-08-03,1718
2016-08-04,1719
2016-08-05,1720
2016-08-08,1721
2016-08-09,1722
2016-08-10,1723
2016-08-11,1724
2016-08-12,1725
2016-08-15,1726
2016-08-16,1727
2016-08-17,1728
2016-08-18,1729
2016-08-19,1730
2016-08-22,1731
2016-08-23,1732
2016-08-24,1733
2016-08-25,1734
2016-08-26,1735
2016-08-29,1736
2016-08-30,1737
2016-08-31,1738
2016-09-01,1739
2016-09-02,1740
2016-09-05,1741
2016-09-06,1742
2016-09-07,1743
2016-09-08,1744
2016-09-09,1745
2016-09-12,1746
2016-09-13,1747
2016-09-14,1748
2016-09-15,1749
2016-09-16,1750
2016-09-19,1751
2016-09-20,1752
2016-09-21,1753
2016-09-22,1754
2016-09-23,1755
2016-09-26,1756
2016-09-27,1757
2016-09-28,1758
2016-09-29,1759
2016-09-30,1760
2016-10-03,1761
2016-10-04,1762
2016-10-05,1763
2016-10-06,1764
2016-10-07,1765
2016-10-10,1766
2016-10-11,1767
2016-10-12,1768
2016-10-13,1769
2016-10-14,1770
2016-10-17,1771
2016-10-18,1772
2016-10-19,1773
2016-10-20,1774
2016-10-21,1775
2016-10-24,1776
2016-10-25,1777
2016-10-26,1778
2016-10-27,1779
2016-10-28,1780
2016-10-31,1781
2016-11-01,1782
2016-11-02,1783
2016-11-03,1784
2016-11-04,1785
2016-11-07,1786
2016-11-08,1787
2016-11-09,1788
2016-11-10,1789
2016-11-11,1790
2016-11-14,1791
2016-11-15,1792
2016-11-16,1793
2016-11-17,1794
2016-11-18,1795
2016-11-21,1796
2016-11-22,1797
2016-11-23,1798
2016-11-24,1799
2016-11-25,1800
2016-11-28,1801
2016-11-29,1802
2016-11-30,1803
2016-12-01,1804
2016-12-02,1805
2016-12-05,1806
2016-12-06,1807
2016-12-07,1808
2016-12-08,1809
2016-12-09,1810
2016-12-12,1811
2016-12-13,1812
2016-12-14,1813
2016-12-15,1814
2016-12-16,1815
2016-12-19,1816
2016-12-20,1817
2016-12-21,1818
2016-12-22,1819
2016-12-23,1820
2016-12-26,1821
2016-12-27,1822
2016-12-28,1823
2016-12-29,1824
2016-12-30,1825
2017-01-02,1826
2017-01-03,1827
2017-01-04,1828
2017-01-05,1829
2017-01-06,1830
2017-01-09,1831
2017-01-10,1832
2017-01-11,1833
2017-01-12,1834
2017-01-13,1835
2017-01-16,1836
2017-01-17,1837
2017-01-18,1838
2017-01-19,1839
2017-01-20,1840
2017-01-23,1841
2017-01-24,1842
2017-01-25,1843
2017-01-26,1844
2017-01-27,1845
2017-01-30,1846
2017-01-31,1847
2017-02-01,1848
2017-02-02,1849
2017-02-03,1850
2017-02-06,1851
2017-02-07,1852
2017-02-08,1853
2017-02-09,1854
2017-02-10,1855
2017-02-13,1856
2017-02-14,1857
2017-02-15,1858
2017-02-16,1859
2017-02-17,1860
2017-02-20,1861
2017-02-21,1862
2017-02-22,1863
2017-02-23,1864
2017-02-24,1865
2017-02-27,1866
2017-02-28,1867
2017-03-01,1868
2017-03-02,1869
2017-03-03,1870
2017-03-06,1871
2017-03-07,1872
2017-03-08,1873
2017-03-09,1874
2017-03-10,1875
2017-03-13,1876
2017-03-14,1877
2017-03-15,1878
2017-03-16,1879
2017-03-17,1880
2017-03-20,1881
2017-03-21,1882
2017-03-22,1883
2017-03-23,1884
2017-03-24,1885
2017-03-27,1886
2017-03-28,1887
2017-03-29,1888
2017-03-30,1889
2017-03-31,1890
2017-04-03,1891
2017-04-04,1892
2017-04-05,1893
2017-04-06,1894
2017-04-07,1895
2017-04-10,1896
2017-04-11,1897
2017-04-12,1898
2017-04-13,1899
2017-04-14,1900
2017-04-17,1901
2017-04-18,1902
2017-04-19,1903
2017-04-20,1904
2017-04-21,1905
2017-04-24,1906
2017-04-25,1907
2017-04-26,1908
2017-04-27,1909
2017-04-28,1910
2017-05-01,1911
2017-05-02,1912
2017-05-03,1913
2017-05-04,1914
2017-05-05,1915
2017-05-08,1916
2017-05-09,1917
2017-05-10,1918
2017-05-11,1919
2017-05-12,1920
2017-05-15,1921
2017-05-16,1922
2017-05-17,1923
2017-05-18,1924
2017-05-19,1925
2017-05-22,1926
2017-05-23,1927
2017-05-24,1928
2017-05-25,1929
2017-05-26,1930
2017-05-29,1931
2017-05-30,1932
2017-05-31,1933
2017-06-01,1934
2017-06-02,1935
2017-06-05,1936
2017-06-06,1937
2017-06-07,1938
2017-06-08,1939
2017-06-09,1940
2017-06-12,1941
2017-06-13,1942
2017-06-14,1943
2017-06-15,1944
2017-06-16,1945
2017-06-19,1946
2017-06-20,1947
2017-06-21,1948
2017-06-22,1949
2017-06-23,1950
2017-06-26,1951
2017-06-27,1952
2017-06-28,1953
2017-06-29,1954
2017-06-30,1955
2017-07-03,1956
2017-07-04,1957
2017-07-05,1958
2017-07-06,1959
2017-07-07,1960
2017-07-10,1961
2017-07-11,1962
2017-07-12,1963
2017-07-13,1964
2017-07-14,1965
2017-07-17,1966
2017-07-18,1967
2017-07-19,1968
2017-07-20,1969
2017-07-21,1970
2017-07-24,1971
2017-07-25,1972
2017-07-26,1973
2017-07-27,1974
2017-07-28,1975
2017-07-31,1976
2017-08-01,1977
2017-08-02,1978
2017-08-03,1979
2017-08-04,1980
2017-08-07,1981
2017-08-08,1982
2017-08-09,1983
2017-08-10,1984
2017-08-11,1985
2017-08-14,1986
2017-08-15,1987
2017-08-16,1988
2017-08-17,1989
2017-08-18,1990
2017-08-21,1991
2017-08-22,1992
2017-08-23,1993
2017-08-24,1994
2017-08-25,1995
2017-08-28,1996
2017-08-29,1997
2017-08-30,1998
2017-08-31,1999
2017-09-01,2000
2017-09-04,2001
2017-09-05,2002
2017-09-06,2003
2017-09-07,2004
2017-09-08,2005
2017-09-11,2006
2017-09-12,2007
2017-09-13,2008
2017-09-14,2009
2017-09-15,2010
2017-09-18,2011
2017-09-19,2012
2017-09-20,2013
2017-09-21,2014
2017-09-22,2015
2017-09-25,2016
2017-09-26,2017
2017-09-27,2018
2017-09-28,2019
2017-09-29,2020
2017-10-02,2021
2017-10-03,2022
2017-10-04,2023
2017-10-05,2024
2017-10-06,2025
2017-10-09,2026
2017-10-10,2027
2017-10-11,2028
2017-10-12,2029
2017-10-13,2030
2017-10-16,2031
2017-10-17,2032
2017-10-18,2033
2017-10-19,2034
2017-10-20,2035
2017-10-23,2036
2017-10-24,2037
2017-10-25,2038
2017-10-26,2039
2017-10-27,2040
2017-10-30,2041
2017-10-31,2042
2017-11-01,2043
2017-11-02,2044
2017-11-03,2045
2017-11-06,2046
2017-11-07,2047
2017-11-08,2048
2017-11-09,2049
2017-11-10,2050
2017-11-13,2051
2017-11-14,2052
2017-11-15,2053
2017-11-16,2054
2017-11-17,2055
2017-11-20,2056
2017-11-21,2057
2017-11-22,2058
2017-11-23,2059
2017-11-24,2060
2017-11-27,2061
2017-11-28,2062
2017-11-29,2063
2017-11-30,2064
2017-12-01,2065
2017-12-04,2066
2017-12-05,2067
2017-12-06,2068
2017-12-07,2069
2017-12-08,2070
2017-12-11,2071
2017-12-12,2072
2017-12-13,2073
2017-12-14,2074
2017-12-15,2075
2017-12-18,2076
2017-12-19,2077
2017-12-20,2078
2017-12-21,2079
2017-12-22,2080
2017-12-25,2081
2017-12-26,2082
2017-12-27,2083
2017-12-28,2084
2017-12-29,2085
2018-01-01,2086
2018-01-02,2087
2018-01-03,2088
2018-01-04,2089
2018-01-05,2090
2018-01-08,2091
2018-01-09,2092
2018-01-10,2093
2018-01-11,2094
2018-01-12,2095
2018-01-15,2096
2018-01-16,2097
2018-01-17,2098
2018-01-18,2099
2018-01-19,2100
2018-01-22,2101
2018-01-23,2102
2018-01-24,2103
2018-01-25,2104
2018-01-26,2105
2018-01-29,2106
2018-01-30,2107
2018-01-31,2108
2018-02-01,2109
2018-02-02,2110
2018-02-05,2111
2018-02-06,2112
2018-02-07,2113
2018-02-08,2114
2018-02-09,2115
2018-02-12,2116
2018-02-13,2117
2018-02-14,2118
2018-02-15,2119
2018-02-16,2120
2018-02-19,2121
2018-02-20,2122
2018-02-21,2123
2018-02-22,2124
2018-02-23,2125
2018-02-26,2126
2018-02-27,2127
2018-02-28,2128
2018-03-01,2129
2018-03-02,2130
2018-03-05,2131
2018-03-06,2132
2018-03-07,2133
2018-03-08,2134
2018-03-09,2135
2018-03-12,2136
2018-03-13,2137
2018-03-14,2138
2018-03-15,2139
2018-03-16,2140
2018-03-19,2141
2018-03-20,2142
2018-03-21,2143
2018-03-22,2144
2018-03-23,2145
2018-03-26,2146
2018-03-27,2147
2018-03-28,2148
2018-03-29,2149
2018-03-30,2150
2018-04-02,2151
2018-04-03,2152
2018-04-04,2153
2018-04-05,2154
2018-04-06,2155
2018-04-09,2156
2018-04-10,2157
2018-04-11,2158
2018-04-12,2159
2018-04-13,2160
2018-04-16,2161
2018-04-17,2162
2018-04-18,2163
2018-04-19,2164
2018-04-20,2165
2018-04-23,2166
2018-04-24,2167
2018-04-25,2168
2018-04-26,2169
2018-04-27,2170
2018-04-30,2171
2018-05-01,2172
2018-05-02,2173
2018-05-03,2174
2018-05-04,2175
2018-05-07,2176
2018-05-08,2177
2018-05-09,2178
2018-05-10,2179
2018-05-11,2180
2018-05-14,2181
2018-05-15,2182
2018-05-16,2183
2018-05-17,2184
2018-05-18,2185
2018-05-21,2186
2018-05-22,2187
2018-05-23,2188
2018-05-24,2189
2018-05-25,2190
2018-05-28,2191
2018-05-29,2192
2018-05-30,2193
2018-05-31,2194
2018-06-01,2195
2018-06-04,2196
2018-06-05,2197
2018-06-06,2198
2018-06-07,2199
2018-06-08,2200
2018-06-11,2201
2018-06-12,2202
2018-06-13,2203
2018-06-14,2204
2018-06-15,2205
2018-06-18,2206
2018-06-19,2207
2018-06-20,2208
2018-06-21,2209
2018-06-22,2210
2018-06-25,2211
2018-06-26,2212
2018-06-27,2213
2018-06-28,2214
2018-06-29,2215
2018-07-02,2216
2018-07-03,2217
2018-07-04,2218
2018-07-05,2219
2018-07-06,2220
2018-07-09,2221
2018-07-10,2222
2018-07-11,2223
2018-07-12,2224
2018-07-13,2225
2018-07-16,2226
2018-07-17,2227
2018-07-18,2228
2018-07-19,2229
2018-07-20,2230
2018-07-23,2231
2018-07-24,2232
2018-07-25,2233
2018-07-26,2234
2018-07-27,2235
2018-07-30,2236
2018-07-31,2237
2018-08-01,2238
2018-08-02,2239
2018-08-03,2240
2018-08-06,2241
2018-08-07,2242
2018-08-08,2243
2018-08-09,2244
2018-08-10,2245
2018-08-13,2246
2018-08-14,2247
2018-08-15,2248
2018-08-16,2249
2018-08-17,2250
2018-08-20,2251
2018-08-21,2252
2018-08-22,2253
2018-08-23,2254
2018-08-24,2255
2018-08-27,2256
2018-08-28,2257
2018-08-29,2258
2018-08-30,2259
2018-08-31,2260
2018-09-03,2261
2018-09-04,2262
2018-09-05,2263
2018-09-06,2264
2018-09-07,2265
2018-09-10,2266
2018-09-11,2267
2018-09-12,2268
2018-09-13,2269
2018-09-14,2270
2018-09-17,2271
2018-09-18,2272
2018-09-19,2273
2018-09-20,2274
2018-09-21,2275
2018-09-24,2276
2018-09-25,2277
2018-09-26,2278
2018-09-27,2279
2018-09-28,2280
2018-10-01,2281
2018-10-02,2282
2018-10-03,2283
2018-10-04,2284
2018-10-05,2285
2018-10-08,2286
2018-10-09,2287
2018-10-10,2288
2018-10-11,2289
2018-10-12,2290
2018-10-15,2291
2018-10-16,2292
2018-10-17,2293
2018-10-18,2294
2018-10-19,2295
2018-10-22,2296
2018-10-23,2297
2018-10-24,2298
2018-10-25,2299
2018-10-26,2300
2018-10-29,2301
2018-10-30,2302
2018-10-31,2303
2018-11-01,2304
2018-11-02,2305
2018-11-05,2306
2018-11-06,2307
2018-11-07,2308
2018-11-08,2309
2018-11-09,2310
2018-11-12,2311
2018-11-13,2312
2018-11-14,2313
2018-11-15,2314
2018-11-16,2315
2018-11-19,2316
2018-11-20,2317
2018-11-21,2318
2018-11-22,2319
2018-11-23,2320
2018-11-26,2321
2018-11-27,2322
2018-11-28,2323
2018-11-29,2324
2018-11-30,2325
2018-12-03,2326
2018-12-04,2327
2018-12-05,2328
2018-12-06,2329
2018-12-07,2330
2018-12-10,2331
2018-12-11,2332
2018-12-12,2333
2018-12-13,2334
2018-12-14,2335
2018-12-17,2336
2018-12-18,2337
2018-12-19,2338
2018-12-20,2339
2018-12-21,2340
2018-12-24,2341
2018-12-25,2342
2018-12-26,2343
2018-12-27,2344
2018-12-28,2345
2018-12-31,2346
2019-01-01,2347
2019-01-02,2348
2019-01-03,2349
2019-01-04,2350
2019-01-07,2351
2019-01-08,2352
2019-01-09,2353
2019-01-10,2354
2019-01-11,2355
2019-01-14,2356
2019-01-15,2357
2019-01-16,2358
2019-01-17,2359
2019-01-18,2360
2019-01-21,2361
2019-01-22,2362
2019-01-23,2363
2019-01-24,2364
2019-01-25,2365
2019-01-28,2366
2019-01-29,2367
2019-01-30,2368
2019-01-31,2369
2019-02-01,2370
2019-02-04,2371
2019-02-05,2372
2019-02-06,2373
2019-02-07,2374
2019-02-08,2375
2019-02-11,2376
2019-02-12,2377
2019-02-13,2378
2019-02-14,2379
2019-02-15,2380
2019-02-18,2381
2019-02-19,2382
2019-02-20,2383
2019-02-21,2384
2019-02-22,2385
2019-02-25,2386
2019-02-26,2387
2019-02-27,2388
2019-02-28,2389
2019-03-01,2390
2019-03-04,2391
2019-03-05,2392
2019-03-06,2393
2019-03-07,2394
2019-03-08,2395
2019-03-11,2396
2019-03-12,2397
2019-03-13,2398
2019-03-14,2399
2019-03-15,2400
2019-03-18,2401
2019-03-19,2402
2019-03-20,2403
2019-03-21,2404
2019-03-22,2405
2019-03-25,2406
2019-03-26,2407
2019-03-27,2408
2019-03-28,2409
2019-03-29,2410
2019-04-01,2411
2019-04-02,2412
2019-04-03,2413
2019-04-04,2414
2019-04-05,2415
2019-04-08,2416
2019-04-09,2417
2019-04-10,2418
2019-04-11,2419
2019-04-12,2420
2019-04-15,2421
2019-04-16,2422
2019-04-17,2423
2019-04-18,2424
2019-04-19,2425
2019-04-22,2426
2019-04-23,2427
2019-04-24,2428
2019-04-25,2429
2019-04-26,2430
2019-04-29,2431
2019-04-30,2432
2019-05-01,2433
2019-05-02,2434
2019-05-03,2435
2019-05-06,2436
2019-05-07,2437
2019-05-08,2438
2019-05-09,2439
2019-05-10,2440
2019-05-13,2441
2019-05-14,2442
2019-05-15,2443
2019-05-16,2444
2019-05-17,2445
2019-05-20,2446
2019-05-21,2447
2019-05-22,2448
2019-05-23,2449
2019-05-24,2450
2019-05-27,2451
2019-05-28,2452
2019-05-29,2453
2019-05-30,2454
2019-05-31,2455
2019-06-03,2456
2019-06-04,2457
2019-06-05,2458
2019-06-06,2459
2019-06-07,2460
2019-06-10,2461
2019-06-11,2462
2019-06-12,2463
2019-06-13,2464
2019-06-14,2465
2019-06-17,2466
2019-06-18,2467
2019-06-19,2468
2019-06-20,2469
2019-06-21,2470
2019-06-24,2471
2019-06-25,2472
2019-06-26,2473
2019-06-27,2474
2019-06-28,2475
2019-07-01,2476
2019-07-02,2477
2019-07-03,2478
2019-07-04,2479
2019-07-05,2480
2019-07-08,2481
2019-07-09,2482
2019-07-10,2483
2019-07-11,2484
2019-07-12,2485
2019-07-15,2486
2019-07-16,2487
2019-07-17,2488
2019-07-18,2489
2019-07-19,2490
2019-07-22,2491
2019-07-23,2492
2019-07-24,2493
2019-07-25,2494
2019-07-26,2495
2019-07-29,2496
2019-07-30,2497
2019-07-31,2498
2019-08-01,2499
2019-08-02,2500
2019-08-05,2501
2019-08-06,2502
2019-08-07,2503
2019-08-08,2504
2019-08-09,2505
2019-08-12,2506
2019-08-13,2507
2019-08-14,2508
2019-08-15,2509
2019-08-16,2510
2019-08-19,2511
2019-08-20,2512
2019-08-21,2513
2019-08-22,2514
2019-08-23,2515
2019-08-26,2516
2019-08-27,2517
2019-08-28,2518
2019-08-29,2519
2019-08-30,2520
2019-09-02,2521
2019-09-03,2522
2019-09-04,2523
2019-09-05,2524
2019-09-06,2525
2019-09-09,2526
2019-09-10,2527
2019-09-11,2528
2019-09-12,2529
2019-09-13,2530
2019-09-16,2531
2019-09-17,2532
2019-09-18,2533
2019-09-19,2534
2019-09-20,2535
2019-09-23,2536
2019-09-24,2537
2019-09-25,2538
2019-09-26,2539
2019-09-27,2540
2019-09-30,2541
2019-10-01,2542
2019-10-02,2543
2019-10-03,2544
2019-10-04,2545
2019-10-07,2546
2019-10-08,2547
2019-10-09,2548
2019-10-10,2549
2019-10-11,2550
2019-10-14,2551
2019-10-15,2552
2019-10-16,2553
2019-10-17,2554
2019-10-18,2555
2019-10-21,2556
2019-10-22,2557
2019-10-23,2558
2019-10-24,2559
2019-10-25,2560
2019-10-28,2561
2019-10-29,2562
2019-10-30,2563
2019-10-31,2564
2019-11-01,2565
2019-11-04,2566
2019-11-05,2567
2019-11-06,2568
2019-11-07,2569
2019-11-08,2570
2019-11-11,2571
2019-11-12,2572
2019-11-13,2573
2019-11-14,2574
2019-11-15,2575
2019-11-18,2576
2019-11-19,2577
2019-11-20,2578
2019-11-21,2579
2019-11-22,2580
2019-11-25,2581
2019-11-26,2582
2019-11-27,2583
2019-11-28,2584
2019-11-29,2585
2019-12-02,2586
2019-12-03,2587
2019-12-04,2588
2019-12-05,2589
2019-12-06,2590
2019-12-09,2591
2019-12-10,2592
2019-12-11,2593
2019-12-12,2594
2019-12-13,2595
2019-12-16,2596
2019-12-17,2597
2019-12-18,2598
2019-12-19,2599
2019-12-20,2600
2019-12-23,2601
2019-12-24,2602
2019-12-25,2603
2019-12-26,2604
2019-12-27,2605
2019-12-30,2606
2019-12-31,2607
2020-01-01,2608
2020-01-02,2609
2020-01-03,2610
2020-01-06,2611
2020-01-07,2612
2020-01-08,2613
2020-01-09,2614
2020-01-10,2615
2020-01-13,2616
2020-01-14,2617
2020-01-15,2618
2020-01-16,2619
2020-01-17,2620
2020-01-20,2621
2020-01-21,2622
2020-01-22,2623
2020-01-23,2624
2020-01-24,2625
2020-01-27,2626
2020-01-28,2627
2020-01-29,2628
2020-01-30,2629
2020-01-31,2630
2020-02-03,2631
2020-02-04,2632
2020-02-05,2633
2020-02-06,2634
2020-02-07,2635
2020-02-10,2636
2020-02-11,2637
2020-02-12,2638
2020-02-13,2639
2020-02-14,2640
2020-02-17,2641
2020-02-18,2642
2020-02-19,2643
2020-02-20,2644
2020-02-21,2645
2020-02-24,2646
2020-02-25,2647
2020-02-26,2648
2020-02-27,2649
2020-02-28,2650
2020-03-02,2651
2020-03-03,2652
2020-03-04,2653
2020-03-05,2654
2020-03-06,2655
2020-03-09,2656
2020-03-10,2657
2020-03-11,2658
2020-03-12,2659
2020-03-13,2660
2020-03-16,2661
2020-03-17,2662
2020-03-18,2663
2020-03-19,2664
2020-03-20,2665
2020-03-23,2666
2020-03-24,2667
2020-03-25,2668
2020-03-26,2669
2020-03-27,2670
2020-03-30,2671
2020-03-31,2672
2020-04-01,2673
2020-04-02,2674
2020-04-03,2675
2020-04-06,2676
2020-04-07,2677
2020-04-08,2678
2020-04-09,2679
2020-04-10,2680
2020-04-13,2681
2020-04-14,2682
2020-04-15,2683
2020-04-16,2684
2020-04-17,2685
2020-04-20,2686
2020-04-21,2687
2020-04-22,2688
2020-04-23,2689
2020-04-24,2690
2020-04-27,2691
2020-04-28,2692
2020-04-29,2693
2020-04-30,2694
2020-05-01,2695
2020-05-04,2696
2020-05-05,2697
2020-05-06,2698
2020-05-07,2699
2020-05-08,2700
2020-05-11,2701
2020-05-12,2702
2020-05-13,2703
2020-05-14,2704
2020-05-15,2705
2020-05-18,2706
2020-05-19,2707
2020-05-20,2708
2020-05-21,2709
2020-05-22,2710
2020-05-25,2711
2020-05-26,2712
2020-05-27,2713
2020-05-28,2714
2020-05-29,2715
2020-06-01,2716
2020-06-02,2717
2020-06-03,2718
2020-06-04,2719
2020-06-05,2720
2020-06-08,2721
2020-06-09,2722
2020-06-10,2723
2020-06-11,2724
2020-06-12,2725
2020-06-15,2726
2020-06-16,2727
2020-06-17,2728
2020-06-18,2729
2020-06-19,2730
2020-06-22,2731
2020-06-23,2732
2020-06-24,2733
2020-06-25,2734
2020-06-26,2735
2020-06-29,2736
2020-06-30,2737
2020-07-01,2738
2020-07-02,2739
2020-07-03,2740
2020-07-06,2741
2020-07-07,2742
2020-07-08,2743
2020-07-09,2744
2020-07-10,2745
2020-07-13,2746
2020-07-14,2747
2020-07-15,2748
2020-07-16,2749
2020-07-17,2750
2020-07-20,2751
2020-07-21,2752
2020-07-22,2753
2020-07-23,2754
2020-07-24,2755
2020-07-27,2756
2020-07-28,2757
2020-07-29,2758
2020-07-30,2759
2020-07-31,2760
2020-08-03,2761
2020-08-04,2762
2020-08-05,2763
2020-08-06,2764
2020-08-07,2765
2020-08-10,2766
2020-08-11,2767
2020-08-12,2768
2020-08-13,2769
2020-08-14,2770
2020-08-17,2771
2020-08-18,2772
2020-08-19,2773
2020-08-20,2774
2020-08-21,2775
2020-08-24,2776
2020-08-25,2777
2020-08-26,2778
2020-08-27,2779
2020-08-28,2780
2020-08-31,2781
2020-09-01,2782
2020-09-02,2783
2020-09-03,2784
2020-09-04,2785
2020-09-07,2786
2020-09-08,2787
2020-09-09,2788
2020-09-10,2789
2020-09-11,2790
2020-09-14,2791
2020-09-15,2792
2020-09-16,2793
2020-09-17,2794
2020-09-18,2795
2020-09-21,2796
2020-09-22,2797
2020-09-23,2798
2020-09-24,2799
2020-09-25,2800
2020-09-28,2801
2020-09-29,2802
2020-09-30,2803
2020-10-01,2804
2020-10-02,2805
2020-10-05,2806
2020-10-06,2807
2020-10-07,2808
2020-10-08,2809
2020-10-09,2810
2020-10-12,2811
2020-10-13,2812
2020-10-14,2813
2020-10-15,2814
2020-10-16,2815
2020-10-19,2816
2020-10-20,2817
2020-10-21,2818
2020-10-22,2819
2020-10-23,2820
2020-10-26,2821
2020-10-27,2822
2020-10-28,2823
2020-10-29,2824
2020-10-30,2825
2020-11-02,2826
2020-11-03,2827
2020-11-04,2828
2020-11-05,2829
2020-11-06,2830
2020-11-09,2831
2020-11-10,2832
2020-11-11,2833
2020-11-12,2834
2020-11-13,2835
2020-11-16,2836
2020-11-17,2837
2020-11-18,2838
2020-11-19,2839
2020-11-20,2840
2020-11-23,2841
2020-11-24,2842
2020-11-25,2843
2020-11-26,2844
2020-11-27,2845
2020-11-30,2846
2020-12-01,2847
2020-12-02,2848
2020-12-03,2849
2020-12-04,2850
2020-12-07,2851
2020-12-08,2852
2020-12-09,2853
2020-12-10,2854
2020-12-11,2855
2020-12-14,2856
2020-12-15,2857
2020-12-16,2858
2020-12-17,2859
2020-12-18,2860
2020-12-21,2861
2020-12-22,2862
2020-12-23,2863
2020-12-24,2864
2020-12-25,2865
2020-12-28,2866
2020-12-29,2867
2020-12-30,2868
2020-12-31,2869
2021-01-01,2870
2021-01-04,2871
2021-01-05,2872
2021-01-06,2873
2021-01-07,2874
2021-01-08,2875
2021-01-11,2876
2021-01-12,2877
2021-01-13,2878
2021-01-14,2879
2021-01-15,2880
2021-01-18,2881
2021-01-19,2882
2021-01-20,2883
2021-01-21,2884
2021-01-22,2885
2021-01-25,2886
2021-01-26,2887
2021-01-27,2888
2021-01-28,2889
2021-01-29,2890
2021-02-01,2891
2021-02-02,2892
2021-02-03,2893
2021-02-04,2894
2021-02-05,2895
2021-02-08,2896
2021-02-09,2897
2021-02-10,2898
2021-02-11,2899
2021-02-12,2900
2021-02-15,2901
2021-02-16,2902
2021-02-17,2903
2021-02-18,2904
2021-02-19,2905
2021-02-22,2906
2021-02-23,2907
2021-02-24,2908
2021-02-25,2909
2021-02-26,2910
2021-03-01,2911
2021-03-02,2912
2021-03-03,2913
2021-03-04,2914
2021-03-05,2915
2021-03-08,2916
2021-03-09,2917
2021-03-10,2918
2021-03-11,2919
2021-03-12,2920
2021-03-15,2921
2021-03-16,2922
2021-03-17,2923
2021-03-18,2924
2021-03-19,2925
2021-03-22,2926
2021-03-23,2927
2021-03-24,2928
2021-03-25,2929
2021-03-26,2930
2021-03-29,2931
2021-03-30,2932
2021-03-31,2933
2021-04-01,2934
2021-04-02,2935
2021-04-05,2936
2021-04-06,2937
2021-04-07,2938
2021-04-08,2939
2021-04-09,2940
2021-04-12,2941
2021-04-13,2942
2021-04-14,2943
2021-04-15,2944
2021-04-16,2945
2021-04-19,2946
2021-04-20,2947
2021-04-21,2948
2021-04-22,2949
2021-04-23,2950
2021-04-26,2951
2021-04-27,2952
2021-04-28,2953
2021-04-29,2954
2021-04-30,2955
2021-05-03,2956
2021-05-04,2957
2021-05-05,2958
2021-05-06,2959
2021-05-07,2960
2021-05-10,2961
2021-05-11,2962
2021-05-12,2963
2021-05-13,2964
2021-05-14,2965
2021-05-17,2966
2021-05-18,2967
2021-05-19,2968
2021-05-20,2969
2021-05-21,2970
2021-05-24,2971
2021-05-25,2972
2021-05-26,2973
2021-05-27,2974
2021-05-28,2975
2021-05-31,2976
2021-06-01,2977
2021-06-02,2978
2021-06-03,2979
2021-06-04,2980
2021-06-07,2981
2021-06-08,2982
2021-06-09,2983
2021-06-10,2984
2021-06-11,2985
2021-06-14,2986
2021-06-15,2987
2021-06-16,2988
2021-06-17,2989
2021-06-18,2990
2021-06-21,2991
2021-06-22,2992
2021-06-23,2993
2021-06-24,2994
2021-06-25,2995
2021-06-28,2996
2021-06-29,2997
2021-06-30,2998
2021-07-01,2999
2021-07-02,3000
2021-07-05,3001
2021-07-06,3002
2021-07-07,3003
2021-07-08,3004
2021-07-09,3005
2021-07-12,3006
2021-07-13,3007
2021-07-14,3008
2021-07-15,3009
2021-07-16,3010
2021-07-19,3011
2021-07-20,3012
2021-07-21,3013
2021-07-22,3014
2021-07-23,3015
2021-07-26,3016
2021-07-27,3017
2021-07-28,3018
2021-07-29,3019
2021-07-30,3020
2021-08-02,3021
2021-08-03,3022
2021-08-04,3023
2021-08-05,3024
2021-08-06,3025
2021-08-09,3026
2021-08-10,3027
2021-08-11,3028
2021-08-12,3029
2021-08-13,3030
2021-08-16,3031
2021-08-17,3032
2021-08-18,3033
2021-08-19,3034
2021-08-20,3035
2021-08-23,3036
2021-08-24,3037
2021-08-25,3038
2021-08-26,3039
2021-08-27,3040
2021-08-30,3041
2021-08-31,3042
2021-09-01,3043
2021-09-02,3044
2021-09-03,3045
2021-09-06,3046
2021-09-07,3047
2021-09-08,3048
2021-09-09,3049
2021-09-10,3050
2021-09-13,3051
2021-09-14,3052
2021-09-15,3053
2021-09-16,3054
2021-09-17,3055
2021-09-20,3056
2021-09-21,3057
2021-09-22,3058
2021-09-23,3059
2021-09-24,3060
2021-09-27,3061
2021-09-28,3062
2021-09-29,3063
2021-09-30,3064
2021-10-01,3065
2021-10-04,3066
2021-10-05,3067
2021-10-06,3068
2021-10-07,3069
2021-10-08,3070
2021-10-11,3071
2021-10-12,3072
2021-10-13,3073
2021-10-14,3074
2021-10-15,3075
2021-10-18,3076
2021-10-19,3077
2021-10-20,3078
2021-10-21,3079
2021-10-22,3080
2021-10-25,3081
2021-10-26,3082
2021-10-27,3083
2021-10-28,3084
2021-10-29,3085
2021-11-01,3086
2021-11-02,3087
2021-11-03,3088
2021-11-04,3089
2021-11-05,3090
2021-11-08,3091
2021-11-09,3092
2021-11-10,3093
2021-11-11,3094
2021-11-12,3095
2021-11-15,3096
2021-11-16,3097
2021-11-17,3098
2021-11-18,3099
2021-11-19,3100
2021-11-22,3101
2021-11-23,3102
2021-11-24,3103
2021-11-25,3104
2021-11-26,3105
2021-11-29,3106
2021-11-30,3107
2021-12-01,3108
2021-12-02,3109
2021-12-03,3110
2021-12-06,3111
2021-12-07,3112
2021-12-08,3113
2021-12-09,3114
2021-12-10,3115
2021-12-13,3116
2021-12-14,3117
2021-12-15,3118
2021-12-16,3119
2021-12-17,3120
2021-12-20,3121
2021-12-21,3122
2021-12-22,3123
2021-12-23,3124
2021-12-24,3125
2021-12-27,3126
2021-12-28,3127
2021-12-29,3128
2021-12-30,3129
2021-12-31,3130
2022-01-03,3131
2022-01-04,3132
2022-01-05,3133
2022-01-06,3134
2022-01-07,3135
2022-01-10,3136
2022-01-11,3137
2022-01-12,3138
2022-01-13,3139
2022-01-14,3140
2022-01-17,3141
2022-01-18,3142
2022-01-19,3143
2022-01-20,3144
2022-01-21,3145
2022-01-24,3146
2022-01-25,3147
2022-01-26,3148
2022-01-27,3149
2022-01-28,3150
2022-01-31,3151
2022-02-01,3152
2022-02-02,3153
2022-02-03,3154
2022-02-04,3155
2022-02-07,3156
2022-02-08,3157
2022-02-09,3158
2022-02-10,3159
2022-02-11,3160
2022-02-14,3161
2022-02-15,3162
2022-02-16,3163
2022-02-17,3164
2022-02-18,3165
2022-02-21,3166
2022-02-22,3167
2022-02-23,3168
2022-02-24,3169
2022-02-25,3170
2022-02-28,3171
2022-03-01,3172
2022-03-02,3173
2022-03-03,3174
2022-03-04,3175
2022-03-07,3176
2022-03-08,3177
2022-03-09,3178
2022-03-10,3179
2022-03-11,3180
2022-03-14,3181
2022-03-15,3182
2022-03-16,3183
2022-03-17,3184
2022-03-18,3185
2022-03-21,3186
2022-03-22,3187
2022-03-23,3188
2022-03-24,3189
2022-03-25,3190
2022-03-28,3191
2022-03-29,3192
2022-03-30,3193
2022-03-31,3194
2022-04-01,3195
2022-04-04,3196
2022-04-05,3197
2022-04-06,3198
2022-04-07,3199
2022-04-08,3200
2022-04-11,3201
2022-04-12,3202
2022-04-13,3203
2022-04-14,3204
2022-04-15,3205
2022-04-18,3206
2022-04-19,3207
2022-04-20,3208
2022-04-21,3209
2022-04-22,3210
2022-04-25,3211
2022-04-26,3212
2022-04-27,3213
2022-04-28,3214
2022-04-29,3215
2022-05-02,3216
2022-05-03,3217
2022-05-04,3218
2022-05-05,3219
2022-05-06,3220
2022-05-09,3221
2022-05-10,3222
2022-05-11,3223
2022-05-12,3224
2022-05-13,3225
2022-05-16,3226
2022-05-17,3227
2022-05-18,3228
2022-05-19,3229
2022-05-20,3230
2022-05-23,3231
2022-05-24,3232
2022-05-25,3233
2022-05-26,3234
2022-05-27,3235
2022-05-30,3236
2022-05-31,3237
2022-06-01,3238
2022-06-02,3239
2022-06-03,3240
2022-06-06,3241
2022-06-07,3242
2022-06-08,3243
2022-06-09,3244
2022-06-10,3245
2022-06-13,3246
2022-06-14,3247
2022-06-15,3248
2022-06-16,3249
2022-06-17,3250
2022-06-20,3251
2022-06-21,3252
2022-06-22,3253
2022-06-23,3254
2022-06-24,3255
2022-06-27,3256
2022-06-28,3257
2022-06-29,3258
2022-06-30,3259
2022-07-01,3260
2022-07-04,3261
2022-07-05,3262
2022-07-06,3263
2022-07-07,3264
2022-07-08,3265
2022-07-11,3266
2022-07-12,3267
2022-07-13,3268
2022-07-14,3269
2022-07-15,3270
2022-07-18,3271
2022-07-19,3272
2022-07-20,3273
2022-07-21,3274
2022-07-22,3275
2022-07-25,3276
2022-07-26,3277
2022-07-27,3278
2022-07-28,3279
2022-07-29,3280
2022-08-01,3281
2022-08-02,3282
2022-08-03,3283
2022-08-04,3284
2022-08-05,3285
2022-08-08,3286
2022-08-09,3287
2022-08-10,3288
2022-08-11,3289
2022-08-12,3290
2022-08-15,3291
2022-08-16,3292
2022-08-17,3293
2022-08-18,3294
2022-08-19,3295
2022-08-22,3296
2022-08-23,3297
2022-08-24,3298
2022-08-25,3299
2022-08-26,3300
2022-08-29,3301
2022-08-30,3302
2022-08-31,3303
2022-09-01,3304
2022-09-02,3305
2022-09-05,3306
2022-09-06,3307
2022-09-07,3308
2022-09-08,3309
2022-09-09,3310
2022-09-12,3311
2022-09-13,3312
2022-09-14,3313
2022-09-15,3314
2022-09-16,3315
2022-09-19,3316
2022-09-20,3317
2022-09-21,3318
2022-09-22,3319
2022-09-23,3320
2022-09-26,3321
2022-09-27,3322
2022-09-28,3323
2022-09-29,3324
2022-09-30,3325
2022-10-03,3326
2022-10-04,3327
2022-10-05,3328
2022-10-06,3329
2022-10-07,3330
2022-10-10,3331
2022-10-11,3332
2022-10-12,3333
2022-10-13,3334
2022-10-14,3335
2022-10-17,3336
2022-10-18,3337
2022-10-19,3338
2022-10-20,3339
2022-10-21,3340
2022-10-24,3341
2022-10-25,3342
2022-10-26,3343
2022-10-27,3344
2022-10-28,3345
2022-10-31,3346
2022-11-01,3347
2022-11-02,3348
2022-11-03,3349
2022-11-04,3350
2022-11-07,3351
2022-11-08,3352
2022-11-09,3353
2022-11-10,3354
2022-11-11,3355
2022-11-14,3356
2022-11-15,3357
2022-11-16,3358
2022-11-17,3359
2022-11-18,3360
2022-11-21,3361
2022-11-22,3362
2022-11-23,3363
2022-11-24,3364
2022-11-25,3365
2022-11-28,3366
2022-11-29,3367
2022-11-30,3368
2022-12-01,3369
2022-12-02,3370
2022-12-05,3371
2022-12-06,3372
2022-12-07,3373
2022-12-08,3374
2022-12-09,3375
2022-12-12,3376
2022-12-13,3377
2022-12-14,3378
2022-12-15,3379
2022-12-16,3380
2022-12-19,3381
2022-12-20,3382
2022-12-21,3383
2022-12-22,3384
2022-12-23,3385
2022-12-26,3386
2022-12-27,3387
2022-12-28,3388
2022-12-29,3389
2022-12-30,3390
2023-01-02,3391
2023-01-03,3392
2023-01-04,3393
2023-01-05,3394
2023-01-06,3395
2023-01-09,3396
2023-01-10,3397
2023-01-11,3398
2023-01-12,3399
2023-01-13,3400
2023-01-16,3401
2023-01-17,3402
2023-01-18,3403
2023-01-19,3404
2023-01-20,3405
2023-01-23,3406
2023-01-24,3407
2023-01-25,3408
2023-01-26,3409
2023-01-27,3410
2023-01-30,3411
2023-01-31,3412
2023-02-01,3413
2023-02-02,3414
2023-02-03,3415
2023-02-06,3416
2023-02-07,3417
2023-02-08,3418
2023-02-09,3419
2023-02-10,3420
2023-02-13,3421
2023-02-14,3422
2023-02-15,3423
2023-02-16,3424
2023-02-17,3425
2023-02-20,3426
2023-02-21,3427
2023-02-22,3428
2023-02-23,3429
2023-02-24,3430
2023-02-27,3431
2023-02-28,3432
2023-03-01,3433
2023-03-02,3434
2023-03-03,3435
2023-03-06,3436
2023-03-07,3437
2023-03-08,3438
2023-03-09,3439
2023-03-10,3440
2023-03-13,3441
2023-03-14,3442
2023-03-15,3443
2023-03-16,3444
2023-03-17,3445
2023-03-20,3446
2023-03-21,3447
2023-03-22,3448
2023-03-23,3449
2023-03-24,3450
2023-03-27,3451
2023-03-28,3452
2023-03-29,3453
2023-03-30,3454
2023-03-31,3455
2023-04-03,3456
2023-04-04,3457
2023-04-05,3458
2023-04-06,3459
2023-04-07,3460
2023-04-10,3461
2023-04-11,3462
2023-04-12,3463
2023-04-13,3464
2023-04-14,3465
2023-04-17,3466
2023-04-18,3467
2023-04-19,3468
2023-04-20,3469
2023-04-21,3470
2023-04-24,3471
2023-04-25,3472
2023-04-26,3473
2023-04-27,3474
2023-04-28,3475
2023-05-01,3476
2023-05-02,3477
2023-05-03,3478
2023-05-04,3479
2023-05-05,3480
2023-05-08,3481
2023-05-09,3482
2023-05-10,3483
2023-05-11,3484
2023-05-12,3485
2023-05-15,3486
2023-05-16,3487
2023-05-17,3488
2023-05-18,3489
2023-05-19,3490
2023-05-22,3491
2023-05-23,3492
2023-05-24,3493
2023-05-25,3494
2023-05-26,3495
2023-05-29,3496
2023-05-30,3497
2023-05-31,3498
2023-06-01,3499
2023-06-02,3500
2023-06-05,3501
2023-06-06,3502
2023-06-07,3503
2023-06-08,3504
2023-06-09,3505
2023-06-12,3506
2023-06-13,3507
2023-06-14,3508
2023-06-15,3509
2023-06-16,3510
2023-06-19,3511
2023-06-20,3512
2023-06-21,3513
2023-06-22,3514
2023-06-23,3515
2023-06-26,3516
2023-06-27,3517
2023-06-28,3518
2023-06-29,3519
2023-06-30,3520
2023-07-03,3521
2023-07-04,3522
2023-07-05,3523
2023-07-06,3524
2023-07-07,3525
2023-07-10,3526
2023-07-11,3527
2023-07-12,3528
2023-07-13,3529
2023-07-14,3530
2023-07-17,3531
2023-07-18,3532
2023-07-19,3533
2023-07-20,3534
2023-07-21,3535
2023-07-24,3536
2023-07-25,3537
2023-07-26,3538
2023-07-27,3539
2023-07-28,3540
2023-07-31,3541
2023-08-01,3542
2023-08-02,3543
2023-08-03,3544
2023-08-04,3545
2023-08-07,3546
2023-08-08,3547
2023-08-09,3548
2023-08-10,3549
2023-08-11,3550
2023-08-14,3551
2023-08-15,3552
2023-08-16,3553
2023-08-17,3554
2023-08-18,3555
2023-08-21,3556
2023-08-22,3557
2023-08-23,3558
2023-08-24,3559
2023-08-25,3560
2023-08-28,3561
2023-08-29,3562
2023-08-30,3563
2023-08-31,3564
2023-09-01,3565
2023-09-04,3566
2023-09-05,3567
2023-09-06,3568
2023-09-07,3569
2023-09-08,3570
2023-09-11,3571
2023-09-12,3572
2023-09-13,3573
2023-09-14,3574
2023-09-15,3575
2023-09-18,3576
2023-09-19,3577
2023-09-20,3578
2023-09-21,3579
2023-09-22,3580
2023-09-25,3581
2023-09-26,3582
2023-09-27,3583
2023-09-28,3584
2023-09-29,3585
2023-10-02,3586
2023-10-03,3587
2023-10-04,3588
2023-10-05,3589
2023-10-06,3590
2023-10-09,3591
2023-10-10,3592
2023-10-11,3593
2023-10-12,3594
2023-10-13,3595
2023-10-16,3596
2023-10-17,3597
2023-10-18,3598
2023-10-19,3599
2023-10-20,3600
2023-10-23,3601
2023-10-24,3602
2023-10-25,3603
2023-10-26,3604
2023-10-27,3605
2023-10-30,3606
2023-10-31,3607
2023-11-01,3608
2023-11-02,3609
2023-11-03,3610
2023-11-06,3611
2023-11-07,3612
2023-11-08,3613
2023-11-09,3614
2023-11-10,3615
2023-11-13,3616
2023-11-14,3617
2023-11-15,3618
2023-11-16,3619
2023-11-17,3620
2023-11-20,3621
2023-11-21,3622
2023-11-22,3623
2023-11-23,3624
2023-11-24,3625
2023-11-27,3626
2023-11-28,3627
2023-11-29,3628
2023-11-30,3629
2023-12-01,3630
2023-12-04,3631
2023-12-05,3632
2023-12-06,3633
2023-12-07,3634
2023-12-08,3635
2023-12-11,3636
2023-12-12,3637
2023-12-13,3638
2023-12-14,3639
2023-12-15,3640
2023-12-18,3641
2023-12-19,3642
2023-12-20,3643
2023-12-21,3644
2023-12-22,3645
2023-12-25,3646
2023-12-26,3647
2023-12-27,3648
2023-12-28,3649
2023-12-29,3650
2024-01-01,3651
2024-01-02,3652
2024-01-03,3653
2024-01-04,3654
2024-01-05,3655
2024-01-08,3656
2024-01-09,3657
2024-01-10,3658
2024-01-11,3659
2024-01-12,3660
2024-01-15,3661
2024-01-16,3662
2024-01-17,3663
2024-01-18,3664
2024-01-19,3665
2024-01-22,3666
2024-01-23,3667
2024-01-24,3668
2024-01-25,3669
2024-01-26,3670
2024-01-29,3671
2024-01-30,3672
2024-01-31,3673
2024-02-01,3674
2024-02-02,3675
2024-02-05,3676
2024-02-06,3677
2024-02-07,3678
2024-02-08,3679
2024-02-09,3680
2024-02-12,3681
2024-02-13,3682
2024-02-14,3683
2024-02-15,3684
2024-02-16,3685
2024-02-19,3686
2024-02-20,3687
2024-02-21,3688
2024-02-22,3689
2024-02-23,3690
2024-02-26,3691
2024-02-27,3692
2024-02-28,3693
2024-02-29,3694
2024-03-01,3695
2024-03-04,3696
2024-03-05,3697
2024-03-06,3698
2024-03-07,3699
2024-03-08,3700
2024-03-11,3701
2024-03-12,3702
2024-03-13,3703
2024-03-14,3704
2024-03-15,3705
2024-03-18,3706
2024-03-19,3707
2024-03-20,3708
2024-03-21,3709
2024-03-22,3710
2024-03-25,3711
2024-03-26,3712
2024-03-27,3713
2024-03-28,3714
2024-03-29,3715
2024-04-01,3716
2024-04-02,3717
2024-04-03,3718
2024-04-04,3719
2024-04-05,3720
2024-04-08,3721
2024-04-09,3722
2024-04-10,3723
2024-04-11,3724
2024-04-12,3725
2024-04-15,3726
2024-04-16,3727
2024-04-17,3728
2024-04-18,3729
2024-04-19,3730
2024-04-22,3731
2024-04-23,3732
2024-04-24,3733
2024-04-25,3734
2024-04-26,3735
2024-04-29,3736
2024-04-30,3737
2024-05-01,3738
2024-05-02,3739
2024-05-03,3740
2024-05-06,3741
2024-05-07,3742
2024-05-08,3743
2024-05-09,3744
2024-05-10,3745
2024-05-13,3746
2024-05-14,3747
2024-05-15,3748
2024-05-16,3749
2024-05-17,3750
2024-05-20,3751
2024-05-21,3752
2024-05-22,3753
2024-05-23,3754
2024-05-24,3755
2024-05-27,3756
2024-05-28,3757
2024-05-29,3758
2024-05-30,3759
2024-05-31,3760
2024-06-03,3761
2024-06-04,3762
2024-06-05,3763
2024-06-06,3764
2024-06-07,3765
2024-06-10,3766
2024-06-11,3767
2024-06-12,3768
2024-06-13,3769
2024-06-14,3770
2024-06-17,3771
2024-06-18,3772
2024-06-19,3773
2024-06-20,3774
2024-06-21,3775
2024-06-24,3776
2024-06-25,3777
2024-06-26,3778
2024-06-27,3779
2024-06-28,3780
2024-07-01,3781
2024-07-02,3782
2024-07-03,3783
2024-07-04,3784
2024-07-05,3785
2024-07-08,3786
2024-07-09,3787
2024-07-10,3788
2024-07-11,3789
2024-07-12,3790
2024-07-15,3791
2024-07-16,3792
2024-07-17,3793
2024-07-18,3794
2024-07-19,3795
2024-07-22,3796
2024-07-23,3797
2024-07-24,3798
2024-07-25,3799
2024-07-26,3800
2024-07-29,3801
2024-07-30,3802
2024-07-31,3803
2024-08-01,3804
2024-08-02,3805
2024-08-05,3806
2024-08-06,3807
2024-08-07,3808
2024-08-08,3809
2024-08-09,3810
2024-08-12,3811
2024-08-13,3812
2024-08-14,3813
2024-08-15,3814
2024-08-16,3815
2024-08-19,3816
2024-08-20,3817
2024-08-21,3818
2024-08-22,3819
2024-08-23,3820
2024-08-26,3821
2024-08-27,3822
2024-08-28,3823
2024-08-29,3824
2024-08-30,3825
2024-09-02,3826
2024-09-03,3827
2024-09-04,3828
2024-09-05,3829
2024-09-06,3830
2024-09-09,3831
2024-09-10,3832
2024-09-11,3833
2024-09-12,3834
2024-09-13,3835
2024-09-16,3836
2024-09-17,3837
2024-09-18,3838
2024-09-19,3839
2024-09-20,3840
2024-09-23,3841
2024-09-24,3842
2024-09-25,3843
2024-09-26,3844
2024-09-27,3845
2024-09-30,3846
2024-10-01,3847
2024-10-02,3848
2024-10-03,3849
2024-10-04,3850
2024-10-07,3851
2024-10-08,3852
2024-10-09,3853
2024-10-10,3854
2024-10-11,3855
2024-10-14,3856
2024-10-15,3857
2024-10-16,3858
2024-10-17,3859
2024-10-18,3860
2024-10-21,3861
2024-10-22,3862
2024-10-23,3863
2024-10-24,3864
2024-10-25,3865
2024-10-28,3866
2024-10-29,3867
2024-10-30,3868
2024-10-31,3869
2024-11-01,3870
2024-11-04,3871
2024-11-05,3872
2024-11-06,3873
2024-11-07,3874
2024-11-08,3875
2024-11-11,3876
2024-11-12,3877
2024-11-13,3878
2024-11-14,3879
2024-11-15,3880
2024-11-18,3881
2024-11-19,3882
2024-11-20,3883
2024-11-21,3884
2024-11-22,3885
2024-11-25,3886
2024-11-26,3887
2024-11-27,3888
2024-11-28,3889
2024-11-29,3890
2024-12-02,3891
2024-12-03,3892
2024-12-04,3893
2024-12-05,3894
2024-12-06,3895
2024-12-09,3896
2024-12-10,3897
2024-12-11,3898
2024-12-12,3899
2024-12-13,3900
2024-12-16,3901
2024-12-17,3902
2024-12-18,3903
2024-12-19,3904
2024-12-20,3905
2024-12-23,3906
2024-12-24,3907
2024-12-25,3908
2024-12-26,3909
2024-12-27,3910
2024-12-30,3911
2024-12-31,3912
2025-01-01,3913
2025-01-02,3914
2025-01-03,3915
2025-01-06,3916
2025-01-07,3917
2025-01-08,3918
2025-01-09,3919
2025-01-10,3920
2025-01-13,3921
2025-01-14,3922
2025-01-15,3923
2025-01-16,3924
2025-01-17,3925
2025-01-20,3926
2025-01-21,3927
2025-01-22,3928
2025-01-23,3929
2025-01-24,3930
2025-01-27,3931
2025-01-28,3932
2025-01-29,3933
2025-01-30,3934
2025-01-31,3935
2025-02-03,3936
2025-02-04,3937
2025-02-05,3938
2025-02-06,3939
2025-02-07,3940
2025-02-10,3941
2025-02-11,3942
2025-02-12,3943
2025-02-13,3944
2025-02-14,3945
2025-02-17,3946
2025-02-18,3947
2025-02-19,3948
2025-02-20,3949
2025-02-21,3950
2025-02-24,3951
2025-02-25,3952
2025-02-26,3953
2025-02-27,3954
2025-02-28,3955
2025-03-03,3956
2025-03-04,3957
2025-03-05,3958
2025-03-06,3959
2025-03-07,3960
2025-03-10,3961
2025-03-11,3962
2025-03-12,3963
2025-03-13,3964
2025-03-14,3965
2025-03-17,3966
2025-03-18,3967
2025-03-19,3968
2025-03-20,3969
2025-03-21,3970
2025-03-24,3971
2025-03-25,3972
2025-03-26,3973
2025-03-27,3974
2025-03-28,3975
2025-03-31,3976
2025-04-01,3977
2025-04-02,3978
2025-04-03,3979
2025-04-04,3980
2025-04-07,3981
2025-04-08,3982
2025-04-09,3983
2025-04-10,3984
2025-04-11,3985
2025-04-14,3986
2025-04-15,3987
2025-04-16,3988
2025-04-17,3989
2025-04-18,3990
2025-04-21,3991
2025-04-22,3992
2025-04-23,3993
2025-04-24,3994
2025-04-25,3995
2025-04-28,3996
2025-04-29,3997
2025-04-30,3998
2025-05-01,3999
2025-05-02,4000
2025-05-05,4001
2025-05-06,4002
2025-05-07,4003
2025-05-08,4004
2025-05-09,4005
2025-05-12,4006
2025-05-13,4007
2025-05-14,4008
2025-05-15,4009
2025-05-16,4010
2025-05-19,4011
2025-05-20,4012
2025-05-21,4013
2025-05-22,4014
2025-05-23,4015
2025-05-26,4016
2025-05-27,4017
2025-05-28,4018
2025-05-29,4019
2025-05-30,4020
2025-06-02,4021
2025-06-03,4022
2025-06-04,4023
2025-06-05,4024
2025-06-06,4025
2025-06-09,4026
2025-06-10,4027
2025-06-11,4028
2025-06-12,4029
2025-06-13,4030
2025-06-16,4031
2025-06-17,4032
2025-06-18,4033
2025-06-19,4034
2025-06-20,4035
2025-06-23,4036
2025-06-24,4037
2025-06-25,4038
2025-06-26,4039
2025-06-27,4040
2025-06-30,4041
2025-07-01,4042
2025-07-02,4043
2025-07-03,4044
2025-07-04,4045
2025-07-07,4046
2025-07-08,4047
2025-07-09,4048
2025-07-10,4049
2025-07-11,4050
2025-07-14,4051
2025-07-15,4052
2025-07-16,4053
2025-07-17,4054
2025-07-18,4055
2025-07-21,4056
2025-07-22,4057
2025-07-23,4058
2025-07-24,4059
2025-07-25,4060
2025-07-28,4061
2025-07-29,4062
2025-07-30,4063
2025-07-31,4064
2025-08-01,4065
2025-08-04,4066
2025-08-05,4067
2025-08-06,4068
2025-08-07,4069
2025-08-08,4070
2025-08-11,4071
2025-08-12,4072
2025-08-13,4073
2025-08-14,4074
2025-08-15,4075
2025-08-18,4076
2025-08-19,4077
2025-08-20,4078
2025-08-21,4079
2025-08-22,4080
2025-08-25,4081
2025-08-26,4082
2025-08-27,4083
2025-08-28,4084
2025-08-29,4085
2025-09-01,4086
2025-09-02,4087
2025-09-03,4088
2025-09-04,4089
2025-09-05,4090
2025-09-08,4091
2025-09-09,4092
2025-09-10,4093
2025-09-11,4094
2025-09-12,4095
2025-09-15,4096
2025-09-16,4097
2025-09-17,4098
2025-09-18,4099
2025-09-19,4100
2025-09-22,4101
2025-09-23,4102
2025-09-24,4103
2025-09-25,4104
2025-09-26,4105
2025-09-29,4106
2025-09-30,4107
2025-10-01,4108
2025-10-02,4109
2025-10-03,4110
2025-10-06,4111
2025-10-07,4112
2025-10-08,4113
2025-10-09,4114
2025-10-10,4115
2025-10-13,4116
2025-10-14,4117
2025-10-15,4118
2025-10-16,4119
2025-10-17,4120
2025-10-20,4121
2025-10-21,4122
2025-10-22,4123
2025-10-23,4124
2025-10-24,4125
2025-10-27,4126
2025-10-28,4127
2025-10-29,4128
2025-10-30,4129
2025-10-31,4130
2025-11-03,4131
2025-11-04,4132
2025-11-05,4133
2025-11-06,4134
2025-11-07,4135
2025-11-10,4136
2025-11-11,4137
2025-11-12,4138
2025-11-13,4139
2025-11-14,4140
2025-11-17,4141
2025-11-18,4142
2025-11-19,4143
2025-11-20,4144
2025-11-21,4145
2025-11-24,4146
2025-11-25,4147
2025-11-26,4148
2025-11-27,4149
2025-11-28,4150
2025-12-01,4151
2025-12-02,4152
2025-12-03,4153
2025-12-04,4154
2025-12-05,4155
2025-12-08,4156
2025-12-09,4157
2025-12-10,4158
2025-12-11,4159
2025-12-12,4160
2025-12-15,4161
2025-12-16,4162
2025-12-17,4163
2025-12-18,4164
2025-12-19,4165
2025-12-22,4166
2025-12-23,4167
2025-12-24,4168
2025-12-25,4169
2025-12-26,4170
2025-12-29,4171
2025-12-30,4172
2025-12-31,4173
